Ref number,Nerve Terminal Perimeter (um),Nerve Terminal Area (um2),Total Length of Branches (um),Average Length of Branches (um),Complexity,AChR Perimeter (um),AChR Area (um2),Endplate Diameter (um),Endplate Perimeter (um),Endplate Area (um2),Compactness,Unoccupied AChR Area (um2),Area of Synaptic Contact (um2),Overlap,Manual Endplate Area,Manual Compactness,Fragmentation,Animal,Genotype,Gender
2M32.tif,971.0754749,761.7800557,547.0398395,1.594868337,7.558690329,725.1198921,520.6113558,57.84003103,199.0112713,1219.608032,0.426867766,424.7125749,95.89878084,0.66391158,1473.2076,0.353386282,16,4,WT,M
2M188.tif,682.2166196,407.5173943,341.9800369,1.17518913,7.053577809,586.1308247,524.7969144,69.79026949,321.2450203,970.781186,0.540592383,314.8563401,209.9405743,0.87052073,2107.5337,0.249009975,17,4,WT,M
2M186.tif,748.5654941,462.1729051,359.1065144,1.334968455,6.945351195,533.2636112,432.7901159,58.50446147,225.8208872,941.2306389,0.459813034,162.6412456,270.1488703,0.7706262,1473.1069,0.2937941,7,1,WT,M
2M113.tif,578.1684749,325.3915337,271.9171745,1.599512791,6.584800041,641.6364521,337.4029965,51.61918282,137.2106249,630.0230323,0.535540733,116.3652398,221.0377567,0.674108142,743.4106,0.4538582,9,6,WT,M
2M120.tif,259.2413264,196.553497,147.9104873,1.540734243,5.933881983,257.1445286,183.5354871,32.29539529,93.0206893,348.8356947,0.526137347,59.96504717,123.5704399,0.685069238,435.4575,0.421477382,6,2,WT,M
2M65.tif,457.854941,305.2857542,268.2537569,1.63569364,6.618177593,405.6876756,282.8984677,35.98550368,125.0111601,565.1342919,0.500586271,92.39264156,190.5058262,0.73697631,729.8976,0.387586516,5,5,WT,M
2M99.tif,275.5181539,175.625704,162.8389142,1.961914629,5.949062184,284.4100298,173.8558585,31.85343747,89.65155431,312.0715596,0.55710254,52.64241656,121.213442,0.725478844,378.6882,0.45910028,2,5,WT,M
2M105.tif,786.4279462,348.8189189,374.0349413,0.954170769,7.280809226,625.2180107,413.4392467,42.80725461,144.2739506,1117.057652,0.370114511,124.820236,288.6190108,0.760803408,1213.3171,0.340751191,12,1,WT,M
2M58.tif,219.4436792,172.1950557,102.3009377,1.346064969,5.086039265,187.9852366,162.9599855,26.16475997,72.28332696,261.1402732,0.624032377,48.82592524,114.1340603,0.774655137,281.9339,0.578007772,3,6,WT,M
2M140.tif,680.7826797,432.0939208,332.5467365,1.696667023,6.702175875,515.696962,412.9527489,52.12338185,218.6940531,1060.724563,0.389311951,123.1929847,289.7597642,0.837524374,1678.0902,0.246084954,15,1,WT,M
2M116.tif,393.432711,237.0586324,199.3815052,1.193901229,6.33877523,237.3522144,254.8325777,28.5101521,87.5906506,437.6718696,0.582245731,73.60376121,181.2288165,0.817484612,458.6584,0.555604297,5,2,WT,M
2M18.tif,795.2858905,614.4299392,434.389747,1.105317422,7.360671385,614.7820083,521.223672,67.09282127,309.7382612,891.4988212,0.584659968,149.279332,371.94434,0.788010943,2014.7803,0.258700004,15,4,WT,M
2M04.tif,610.8154864,339.3070483,351.4133374,1.476526628,7.133729361,494.56341,372.6069835,50.80953588,160.9301374,637.5553602,0.584430791,100.6211646,271.9858189,0.750213858,817.5176,0.455778547,3,6,WT,M
2M13.tif,621.1267053,461.3005643,300.0339049,1.250141271,6.788839447,434.3280751,427.6567254,134.1907995,155.7768969,836.0212968,0.511538076,114.6289459,313.0277794,0.836344023,998.3438,0.428366185,3,6,WT,M
2M73.tif,530.2529215,234.0809304,227.0403084,0.759332135,6.627237051,324.9987479,332.9909648,120.7825866,147.5135642,686.1548123,0.48530005,85.76620608,247.2247587,0.908410791,905.5653,0.367716127,8,1,WT,M
2M64.tif,425.6945879,413.4308588,224.4759161,1.496506107,6.324667061,495.6157571,406.1585556,57.41209262,174.5162099,767.6012535,0.529127009,97.29955898,308.8589966,0.777043493,1197.2878,0.339232184,7,2,WT,M
2M06.tif,648.1712913,461.0908669,401.8769154,1.210472637,7.371039821,418.0068029,438.7958473,62.54219495,200.1753844,732.7747217,0.598814116,103.4730482,335.3227991,0.811844092,1151.0621,0.381209534,4,3,WT,M
2M56.tif,478.3500909,293.5091524,237.9389759,1.46875911,6.459649895,364.3341926,333.8045904,49.63331002,126.6635108,646.2871568,0.516495782,76.40531747,257.399273,0.829153684,733.1187,0.455321342,7,1,WT,M
2M124.tif,535.8791487,331.2211194,309.192449,1.444824528,6.950847722,394.3955145,352.6773497,156.3363747,169.6134615,696.4383692,0.506401378,79.735311,272.9420387,0.84971222,1031.4844,0.341912442,8,2,WT,M
2M68.tif,272.787421,261.0983338,135.3632819,1.440034914,5.564623985,271.9874163,250.9070438,36.39089618,101.7246564,393.2076488,0.638103161,56.03951323,194.8675305,0.816100023,454.2547,0.552348812,3,6,WT,M
2M118.tif,402.4013838,275.9281286,174.1039235,1.776570648,5.747378527,397.5332212,297.4179105,51.36138971,136.2112732,643.8714436,0.461921263,65.35007448,232.0678361,0.844379266,767.5425,0.387493736,7,5,WT,M
2M128.tif,180.8485435,182.9818861,102.9420358,2.19025608,5.076331314,180.3120484,216.8521981,30.59995544,80.5114198,282.4622973,0.767720861,46.16696316,170.685235,0.93958148,329.2416,0.658641551,4,4,WT,M
2M180.tif,278.1485592,214.0506419,131.0587662,1.638234577,5.594818892,252.9830144,243.7689468,39.3220574,112.4482411,436.2878673,0.558734187,48.80076156,194.9681853,0.825923887,516.4342,0.472023245,6,1,WT,M
2M173.tif,569.413746,359.5302583,302.1403701,1.007134567,7.008714096,309.138753,411.0486972,51.67764814,186.3073927,816.1252146,0.503658863,82.04198158,329.0067156,0.800408122,1177.4086,0.349113041,10,2,WT,M
2M115.tif,216.6440457,210.4606236,95.61520047,1.874807852,5.004486867,274.9051328,215.9546936,30.56498586,95.07843442,431.9932661,0.499902916,42.50145391,173.4532397,0.803192729,519.3784,0.415794522,6,3,WT,M
2M95.tif,230.7764722,208.2965473,114.5733868,2.72793778,5.246762368,280.6355004,227.4628828,174.3790646,103.3195448,447.9386507,0.507799187,44.10354147,183.3593413,0.806106645,498.3918,0.45639371,5,4,WT,M
2M67.tif,450.5020706,326.6748814,254.6991116,2.336689097,6.413056193,324.672113,352.9625381,39.71430285,124.7543508,625.8794131,0.563946554,68.24389757,284.7186405,0.806653992,779.0423,0.453072366,5,5,WT,M
2M39.tif,673.3047548,389.5002001,367.8987168,1.409573627,7.13281819,395.3520009,451.1428258,40.9680832,142.9349463,846.3048537,0.53307366,84.5415737,366.6012521,0.812605745,1004.3076,0.449207818,8,5,WT,M
2M01.tif,469.8400788,401.8555665,280.8925478,1.978116533,6.553136571,315.6348106,418.6649041,164.9975458,138.8270816,636.8507772,0.657398749,78.16677501,340.4981291,0.813295134,775.9221,0.539570795,1,6,WT,M
2M44.tif,406.327657,422.355577,223.834818,1.8051195,6.20437458,460.7789747,432.8152796,57.26053322,173.9352701,779.3526916,0.555352261,80.32246351,352.4928161,0.814418605,1132.3152,0.382239221,9,2,WT,M
2M102.tif,567.3661308,336.5138799,248.1049598,1.25941604,6.45640599,537.9057376,439.8191703,55.54413497,185.7639263,1037.456548,0.423939847,75.31489138,364.5042789,0.828759416,1393.64,0.315590232,15,1,WT,M
2M37.tif,279.6590251,177.9239866,176.9430721,1.966034135,6.121990553,223.0680441,201.493966,30.72961106,79.61397499,284.7270284,0.707674179,34.340034,167.153932,0.829572892,325.467,0.619091846,3,2,WT,M
2M96.tif,456.8993798,345.8663806,235.466169,1.811278223,6.307778248,511.2586495,421.3909693,139.2496923,137.1486958,735.5846659,0.572865353,70.48346501,350.9075043,0.832736176,789.9885,0.533414055,8,6,WT,M
2M60.tif,566.4677608,364.0177811,265.78095,0.973556593,6.642298279,451.1315388,412.2901054,54.58960951,162.449154,1049.769975,0.392743282,68.07613971,344.2139657,0.834882917,1199.2255,0.34379698,8,6,WT,M
2M147.tif,406.1933977,249.0029921,212.4782233,1.426028344,6.396365046,391.0501812,300.2278547,37.92754261,115.4418295,637.2030687,0.471165111,49.28725936,250.9405953,0.835833822,713.6923,0.42066848,5,4,WT,M
2M177.tif,305.8239217,291.4792823,188.8491795,1.869793856,5.97801451,255.1848777,301.2595655,36.50205514,105.2877464,508.3985835,0.592565706,49.33758672,251.9219788,0.836228979,574.2352,0.524627479,2,5,WT,M
2M27.tif,505.3949479,276.4062385,219.4387168,1.35455998,6.179829889,475.2148887,366.8109495,55.86696891,171.8591154,906.6725197,0.404568288,58.07777124,308.7331782,0.841668382,1161.0018,0.31594348,10,3,WT,M
2M107.tif,549.8683821,348.1562754,235.7409253,0.89295805,6.563416237,517.2366216,429.8962928,65.70404905,177.3174226,925.4949516,0.464504201,67.6148056,362.2814872,0.842718333,1241.9031,0.346159288,10,2,WT,M
2M150.tif,858.4459132,531.9853387,444.4641455,1.204509879,7.380522819,648.9711838,600.0866421,119.4332093,179.0678675,1174.774744,0.510809962,91.85581641,508.2308257,0.846929077,1397.943,0.429264027,15,6,WT,M
2M125.tif,411.5926634,191.537537,167.0518445,1.031184225,6.137202896,373.3286296,267.431193,40.77866832,130.753891,510.0006711,0.524374198,40.66450534,226.7666877,0.847944045,662.912,0.403418844,14,5,WT,M
2M40.tif,759.2068897,417.5577022,381.7281184,1.093776843,7.291896913,540.9253611,510.5878236,52.75997123,157.4368731,1071.251369,0.476627465,77.54607093,433.0417527,0.848123932,1245.3756,0.409987014,11,2,WT,M
2M123.tif,659.7243454,404.8668201,352.6955335,1.64810997,6.979148306,512.4665532,481.6999201,47.28159932,135.2801677,893.1092967,0.539351591,71.33903009,410.36089,0.851901512,974.7906,0.49415733,4,3,WT,M
2M149.tif,255.2706085,151.8208636,116.7714374,1.406884787,5.470999248,253.5960355,197.7110263,34.54179848,108.0835671,449.8678661,0.439486883,27.56261645,170.1484098,0.860591405,563.4399,0.350899939,2,6,WT,M
2M181.tif,372.1645165,242.267514,157.9848858,1.926644949,5.541858657,346.6640571,302.2996643,49.93078323,132.9326069,563.8173927,0.536165908,40.10251651,262.1971478,0.867341842,712.2831,0.42440943,8,3,WT,M
2M78.tif,301.4754239,153.6410364,146.5367057,1.558901125,5.855745253,294.8904769,225.4414006,37.81669218,106.8826348,408.716863,0.551583311,29.81057178,195.6308288,0.86776798,482.1864,0.46753994,3,5,WT,M
2M49.tif,409.1736976,213.2286283,257.904602,1.199556289,6.969930055,264.6767571,286.6310801,37.72875556,107.2619941,524.830466,0.546140323,37.25902077,249.3720593,0.870010535,586.2886,0.488890761,7,3,WT,M
2M84.tif,662.9255605,338.7702231,277.1375447,1.277131542,6.620764811,629.8623705,484.0820817,59.6359076,255.1625431,964.2637931,0.50202246,61.62584998,422.4562317,0.872695453,1554.2849,0.311450032,12,2,WT,M
2M46.tif,414.4780277,234.584204,245.9984947,1.336948341,6.800137647,344.6377391,340.7162143,37.68081494,121.3645727,724.8901023,0.470024647,42.66921177,298.0470025,0.874766125,787.7238,0.432532589,9,3,WT,M
2M02.tif,375.8631741,260.6369997,161.8314744,1.77836785,5.69444366,341.1060763,333.8549178,47.78847225,148.3319785,660.5297992,0.505435059,41.44457939,292.4103384,0.87586051,841.0959,0.396928481,8,4,WT,M
2M15.tif,515.1804558,362.3318146,225.0254287,1.82947503,6.209441027,535.7934178,443.4930674,156.8101092,149.1436925,878.3549929,0.504913242,52.56692553,390.9261419,0.881470694,1023.3062,0.433392339,14,4,WT,M
2M62.tif,318.9195231,249.715963,158.6259839,1.705655741,5.843902013,292.7936791,295.1196278,42.50048025,136.1830046,433.2178985,0.681226766,34.86847126,260.2511566,0.881849704,677.1546,0.435823116,7,1,WT,M
2M16.tif,482.2052301,318.16117,225.300185,1.644526898,6.172168594,352.7048835,399.146277,47.58822173,148.6094309,693.5864855,0.575481624,44.44744509,354.6988319,0.888643719,866.2596,0.460769817,3,3,WT,M
2M61.tif,225.8714903,121.993516,99.64495988,1.294090388,5.300587042,190.1985382,173.9313496,109.1273102,104.4315877,306.2251982,0.567985099,18.57918303,155.3521665,0.893180941,443.0569,0.392571134,4,4,WT,M
2M159.tif,515.8477806,209.3953612,201.3963849,0.972929396,6.276695062,399.7811085,388.9633749,46.87036505,132.9986198,836.1974426,0.465157336,41.20971838,347.7536565,0.92344518,932.2137,0.417247006,8,5,WT,M
2M98.tif,517.9944151,274.2673258,249.2955706,1.043077701,6.699391749,382.6925669,400.8406314,109.3418939,135.6373047,660.462696,0.606908814,42.40918708,358.4314443,0.894199381,746.0527,0.537281926,5,4,WT,M
2M160.tif,246.3933295,191.6633554,118.5115607,1.161878046,5.488560313,223.2366182,239.7343703,144.4873468,99.27676786,385.7004845,0.621555792,22.97443897,216.7599313,0.904167104,478.89,0.500604252,2,6,WT,M
2M76.tif,450.8179215,253.2137143,186.1016162,1.723163113,5.860921642,419.6369312,383.6286749,44.78378233,186.5655103,731.8939929,0.524158797,36.2608615,347.3678134,0.905479272,1123.2312,0.341540259,8,3,WT,M
2M179.tif,371.548991,228.3016721,183.6288093,1.162207654,6.298922021,264.9021392,275.4164672,29.72169815,102.2106606,507.0732964,0.543149223,25.98569256,249.4307746,0.905649459,589.4844,0.467215871,7,2,WT,M
2M100.tif,454.1670675,240.2795833,214.3099321,2.002896562,6.148028223,363.0811901,343.1235396,54.05752592,132.1478531,530.2825964,0.647057893,32.1843455,310.9391941,0.906201873,614.0944,0.558747221,10,5,WT,M
2M145.tif,176.6562563,118.8983835,72.260913,1.24587781,4.926821966,159.701974,151.8292515,28.17275948,80.27078666,271.7845095,0.558638356,13.82324769,138.0060038,0.908955306,317.465,0.478255088,6,1,WT,M
2M31.tif,303.8198261,235.8675516,176.4851449,1.713448009,6.102902759,254.1379226,277.9496108,36.30713036,104.19858,488.762526,0.568680281,24.618466,253.3311448,0.911428313,543.762,0.511160417,4,4,WT,M
2M169.tif,383.488759,220.6351379,199.0151634,1.421536882,6.266920581,332.6189407,298.793525,39.73130128,115.7031057,544.9110818,0.548334462,26.23732935,272.5561956,0.912189097,663.9437,0.450028406,9,6,WT,M
2M144.tif,464.8659254,223.3947547,231.7111659,1.058041853,6.626765373,383.5211112,314.3782302,103.9065386,129.5259985,764.3719147,0.411289615,27.24387651,287.1343537,0.913340448,863.0638,0.36425839,10,4,WT,M
2M52.tif,384.3379463,225.9782257,201.0300431,1.896509841,6.241107714,328.3907594,356.0157311,41.26521263,152.7871213,575.6191582,0.618491803,29.4247287,326.5910024,0.91734992,882.3896,0.403467733,5,2,WT,M
2M182.tif,225.5810204,221.2139025,103.4915484,2.7234618,4.805274506,236.2071651,259.0013605,31.62656267,102.9471568,444.6673724,0.582460906,21.15426618,237.8470943,0.918323726,560.6719,0.461948174,5,1,WT,M
2M22.tif,528.4167458,344.0126562,250.6693522,1.790495373,6.453285148,495.5649952,457.0646783,54.15542463,163.2738855,917.627108,0.498094133,36.95705662,420.1076217,0.919142611,1098.6865,0.416010098,12,5,WT,M
2M161.tif,596.6772847,482.2199694,261.5680197,2.027659067,6.203219091,568.0737043,630.0565838,175.423778,235.4353166,1336.065539,0.471576106,50.22670337,579.8298805,0.920282234,1695.0758,0.371698176,13,4,WT,M
2M66.tif,473.8015918,252.1652277,197.6413818,1.421880445,6.15789232,418.1823482,398.5926761,40.92895877,153.817246,763.2898765,0.522203541,31.38749566,367.2051804,0.921254209,997.6644,0.399525809,7,5,WT,M
2M05.tif,535.9343775,419.6295118,227.1318938,1.214609058,6.360835069,476.9745384,521.7940487,72.55151003,235.8276935,914.020314,0.570877956,40.21994701,481.5741017,0.922919882,1558.2357,0.334862081,6,1,WT,M
2M88.tif,715.0077493,340.4394138,353.3366316,1.150933654,7.211649861,479.5979723,566.2582696,53.16950956,158.1159071,1082.558248,0.523074181,39.64118239,526.6170872,0.929994519,1243.9161,0.455222237,11,2,WT,M
2M77.tif,457.8174676,252.1820035,185.3689327,1.640433033,5.91440146,405.9765662,426.0462499,45.11603314,183.8033502,768.1296908,0.554654058,27.75553799,398.2907119,0.934853228,1098.8978,0.387703251,7,3,WT,M
2M166.tif,295.3282236,133.9965909,138.7519432,1.250017506,5.822240805,280.9383337,227.3622281,46.91910615,126.3301754,377.4971252,0.602288635,14.80463117,212.5575969,0.934885265,546.2532,0.41622132,6,5,WT,M
2M175.tif,403.4299293,374.0077617,179.6906354,2.164947414,5.616396763,376.7806078,460.2940171,43.56011931,132.2719825,835.5431869,0.550891952,25.61662527,434.6773918,0.944347256,978.9174,0.470207208,3,4,WT,M
2M51.tif,653.6549795,388.6614108,291.5164589,1.037425121,6.857457079,543.0097955,566.4763548,71.73005422,234.3553551,1142.254883,0.495928153,31.47137459,535.0049802,0.944443622,1634.2048,0.346637309,12,6,WT,M
2M174.tif,397.0395915,257.6257461,177.126243,1.884321734,5.909118044,329.5618438,387.7639062,44.27708544,127.0803434,698.5017908,0.555136596,15.93699673,371.8269095,0.958900257,813.3152,0.476769531,5,2,WT,M
2M91.tif,215.6507401,107.3566427,84.5333621,1.341799398,5.042758443,204.1715954,200.4287036,53.29336276,142.4889199,336.3125704,0.595959596,7.68331,192.7453936,0.96166562,653.8279,0.306546575,4,5,WT,M
2M74.tif,248.3707358,109.1684276,116.3135102,1.453918877,5.546211949,172.7407672,200.2190063,28.16605974,87.0112901,350.3287397,0.571517502,5.15016631,195.06884,0.974277336,404.8081,0.494602273,2,3,WT,M
2M38.tif,631.9443005,385.5998298,399.6788648,1.531336647,7.264850271,333.8728683,335.0040591,43.34033643,134.0125684,665.9232144,0.503067098,315.6280263,19.37603286,0.69283157,788.6801,0.424765452,13,28,HOM,M
2M69.tif,574.6552217,237.8974217,251.4020357,1.117342381,6.60110988,657.6427986,355.3027602,49.37211348,185.8820094,940.4505649,0.377800571,312.7006516,42.60210863,0.84277249,1151.49,0.308559137,15,28,HOM,M
2M142.tif,282.3176989,280.600185,139.7593831,1.41171094,5.512453487,384.3080984,260.7208786,99.60328315,148.1043629,452.8204044,0.575771048,223.9231919,36.79768666,0.66383554,632.0864,0.412476647,4,14,HOM,M
2M165.tif,661.9728869,391.5636217,356.1757803,1.656631536,6.975699465,499.377269,508.0630678,78.21943587,213.2579682,875.4611698,0.580337638,432.0435934,76.0194744,0.90067854,1379.8252,0.368208283,10,14,HOM,M
2M152.tif,344.0666583,220.5093195,154.0467119,1.638794807,5.694298148,260.6692201,282.5461762,74.50282832,122.5226396,556.4695984,0.507747732,236.7398925,45.80628376,0.85705804,694.0646,0.407089162,8,18,HOM,M
2M154.tif,386.9696599,275.7771466,200.6637014,0.946526893,6.374815788,232.3430921,230.1721722,147.1672885,135.0563649,464.7144367,0.495298089,191.1768576,38.99531463,0.70314493,778.7404,0.295569836,8,10,HOM,M
2M83.tif,477.1469252,307.8692252,221.2704256,1.615112596,6.130199094,387.3775587,293.2994551,56.70203993,203.4756189,624.4954108,0.469658303,232.3698002,60.92965486,0.64921211,1194.3689,0.245568564,11,14,HOM,M
2M158.tif,544.3110554,458.1970439,293.1649969,1.145175769,6.769668143,397.8297373,335.6918664,155.3052539,218.0226446,692.6051021,0.484680037,257.7347887,77.95707768,0.6295195,1220.1113,0.275132167,12,10,HOM,M
2M121.tif,725.9656499,548.8282279,386.8569031,1.09281611,7.226176164,553.0359366,543.7703284,73.08426381,246.1795444,910.41352,0.597278398,388.795617,154.9747114,0.73937188,1601.5424,0.339529149,18,11,HOM,M
2M82.tif,524.6637846,377.2287126,257.5382603,1.480104944,6.489484144,431.1836681,287.1008021,50.45260653,200.1125301,564.5051999,0.50858841,195.3204768,91.78032537,0.63179256,1142.9846,0.251185188,9,11,HOM,M
2M50.tif,647.9439467,323.5294215,294.9051202,1.218616199,6.829572411,606.2733045,440.859269,45.44114821,153.5420271,1123.650536,0.392345533,285.4483872,155.4108818,0.79982496,1288.8837,0.342047362,15,10,HOM,M
2M48.tif,383.9224219,265.8374933,220.1714003,1.236917979,6.479671632,285.9687532,223.6883309,130.8646674,121.9921907,341.8653556,0.65431705,134.1056335,89.5826974,0.73098845,513.4397,0.435666215,1,28,HOM,M
2M34.tif,369.8201143,278.5199876,172.7301419,1.489052947,5.849354695,301.8963403,429.7956381,110.9047885,139.0124859,712.366978,0.603334589,250.3198913,179.4757469,0.9774395,873.532,0.492020485,1,18,HOM,M
2M111.tif,382.166856,246.6376062,175.9356323,1.363842111,5.990622269,322.0080471,265.5439171,64.07447319,111.1828752,458.499008,0.579159197,147.4423834,118.1015337,0.62511845,565.9312,0.4692159,5,35,HOM,M
2M134.tif,556.8295297,336.0944852,266.4220481,1.359296164,6.564657987,389.3641699,320.8033563,68.83942168,203.5721338,633.3110863,0.506549409,161.2404674,159.5628888,0.68666004,1084.1771,0.295895713,14,18,HOM,M
2M131.tif,522.103205,379.6863652,256.2560641,1.755178521,6.495856227,564.8830023,392.2933684,134.9635079,126.5140005,811.9899833,0.483125872,194.3139296,197.9794388,0.67117107,888.454,0.441546066,10,10,HOM,M
2M167.tif,458.5317416,335.800909,266.2388772,1.663992982,6.499795361,346.3843713,416.1149846,54.48833464,151.336351,652.2928882,0.6379266,203.9683945,212.1465901,0.87782459,818.65,0.508294124,7,17,HOM,M
2M29.tif,522.0343044,394.8600637,214.8594447,1.918387899,5.896716365,480.0500449,445.5481012,61.5140622,300.808641,837.4304629,0.532041908,216.1727788,229.3753224,0.86991277,1575.4728,0.282802789,7,10,HOM,M
2M07.tif,292.512414,206.2666771,145.9871931,1.824839913,5.648101685,207.288659,182.9986619,157.1939705,111.0549331,363.6403259,0.503240837,86.81469271,96.1839692,0.9605812,430.3492,0.425232955,2,18,HOM,M
2M36.tif,458.0498211,437.2860266,231.8027513,2.295076746,6.074276566,412.474203,456.30138,70.1600671,239.0282545,781.1896402,0.584110895,205.7214641,250.5799159,0.85599265,1152.7482,0.395837859,11,35,HOM,M
2M71.tif,311.0348955,228.8972125,139.5762122,1.861016162,5.375515722,355.6584941,254.7151472,40.9387946,128.4193477,512.4163843,0.497086266,113.6559504,141.0591968,0.83268021,720.1845,0.353680407,9,11,HOM,M
2M86.tif,666.5178442,338.8708778,311.5736705,1.422710824,6.786312875,549.1810684,475.3754487,45.44493211,171.8445185,1205.440881,0.394358161,203.5993272,271.7761216,0.92031619,1360.1221,0.349509392,6,14,HOM,M
2M132.tif,369.5112348,349.9764482,176.0272177,2.551119098,5.614372317,422.1232182,320.3839616,38.98786955,138.4124823,694.8446695,0.461087169,130.5575548,189.8264068,0.65256705,922.425,0.347327925,7,14,HOM,M
2M170.tif,609.9662991,410.0924774,285.6549907,0.933513041,6.840507709,468.3731324,398.5842882,80.47041046,274.7954881,714.2626418,0.558036029,158.0027407,240.5815475,0.77983543,1348.9493,0.29547759,10,10,HOM,M
2M19.tif,554.396509,423.3705121,256.7139913,2.492368848,6.159479406,667.1203522,407.3664122,78.67893039,194.8297682,888.2359308,0.458624109,156.7948841,250.571528,0.70938517,1123.0046,0.362746878,8,11,HOM,M
2M23.tif,401.5629806,240.7241416,164.5790376,1.959274257,5.625238334,447.2817917,252.8278713,50.47388241,187.3419844,629.5449224,0.401604178,89.32267272,163.5051985,0.74815872,959.9692,0.263370816,19,11,HOM,M
2M172.tif,759.8208359,488.1837614,357.1832202,1.363294733,6.915280019,587.3317569,699.8774053,181.7537249,309.1411452,1302.866258,0.537182847,246.8473035,453.0301018,0.94614029,2048.0215,0.341733427,16,10,HOM,M
2M55.tif,241.4432488,230.4573606,102.3925231,1.402637303,5.106078971,321.4026515,251.6367905,37.85260737,111.5584218,423.7311915,0.593859493,87.82962776,163.8071627,0.75873333,565.1511,0.445255774,4,10,HOM,M
2M135.tif,304.3671053,322.4389954,157.3437878,2.043425815,5.598684219,384.418556,338.1327432,141.6938365,132.5440428,511.1498125,0.661513973,117.6401995,220.4925437,0.808369716,780.1244,0.43343439,4,11,HOM,M
2M178.tif,313.2932959,205.4698273,250.3030104,1.787878646,6.690722144,221.4471206,187.8636399,34.3513781,98.84310486,365.2843529,0.514294243,64.69581883,123.167821,0.710318346,501.8644,0.374331473,7,28,HOM,M
2M03.tif,490.5466681,461.2921764,297.9274398,1.960048946,6.617659877,421.1629191,416.2743546,49.16568873,156.4168783,781.4496649,0.532695032,140.572699,275.7016555,0.734101717,998.4444,0.41692292,7,17,HOM,M
2M41.tif,825.5564183,579.9808625,458.0187908,1.117119002,7.431788303,666.7676821,498.7021792,62.8381587,200.6137853,1137.339578,0.438481338,155.9644827,342.7376965,0.759683795,1500.1831,0.332427541,11,18,HOM,M
2M24.tif,369.4791535,351.1088137,182.2550277,2.025055864,5.805094859,353.1601146,310.1842837,63.91148117,163.4364134,510.0426106,0.608153667,95.80651402,214.3777697,0.769713359,646.759,0.479597939,7,17,HOM,M
2M122.tif,240.9810463,223.8309251,140.2173103,1.844964609,5.650864515,227.8473174,249.3720593,96.61743153,111.232712,408.8259056,0.609971276,76.99246999,172.3795894,0.75903614,568.3469,0.438767343,5,17,HOM,M
2M43.tif,323.8902469,262.1719841,182.1634423,1.182879495,6.178441205,226.8724214,220.4254406,32.42176356,103.5801669,399.8340843,0.551292272,67.4889872,152.9364534,0.824726968,480.1482,0.459077928,4,11,HOM,M
2M80.tif,394.4552102,423.454391,206.616755,1.861412208,6.011766529,439.1295707,409.8743922,66.10927442,174.920025,632.2961513,0.648231673,113.9914661,295.8829261,0.849053515,882.5405,0.46442559,4,10,HOM,M
2M26.tif,252.3567047,228.0500353,146.811462,1.138073349,5.974927708,188.1607819,207.2312848,62.17572292,95.43333792,305.3528573,0.678661686,56.49245946,150.7388254,0.805067595,361.2246,0.573690952,2,35,HOM,M
2M94.tif,467.5007976,170.0477551,181.7055151,0.747759321,6.293529538,417.8144272,327.5891617,73.10813211,197.4532021,697.0926248,0.469936347,89.18846643,238.4006953,0.890359749,1036.5422,0.316040352,17,10,HOM,M
2M97.tif,381.5888038,340.7246022,220.1714003,1.761371203,6.28128063,303.4382333,304.0275702,36.08478,118.2713108,574.9397388,0.52879902,80.89284024,223.13473,0.766374221,741.322,0.410115402,7,11,HOM,M
2M130.tif,610.0494132,427.6147859,305.6206168,1.660981613,6.664026123,498.203026,458.5996627,54.48564063,167.2208017,870.7975013,0.526643292,121.3057088,337.2939539,0.828218166,1103.1505,0.41571813,5,11,HOM,M
2M187.tif,566.407411,405.8565914,325.7694139,1.723647692,6.814021942,655.9659921,456.9640236,137.1831905,140.1797575,847.1939703,0.539385359,118.5712557,338.3927679,0.74535142,987.3724,0.46280818,3,28,HOM,M
2M92.tif,500.7626805,355.7389307,238.4884885,1.124945701,6.466931659,415.4722584,370.845526,48.90971258,153.7934444,764.1538295,0.485302189,95.9491082,274.8964178,0.801411382,912.7621,0.406289356,7,10,HOM,M
2M17.tif,431.9582919,290.7998629,215.5005428,1.710321768,6.19904028,313.3370865,296.2939329,38.57758813,116.4726084,574.0757859,0.516123376,75.67557078,220.6183621,0.856245046,702.9474,0.421502282,3,18,HOM,M
2M184.tif,416.863987,206.199574,191.871499,1.128655877,6.215889926,321.3613654,295.1280157,39.73636773,128.4101429,657.6779155,0.448742475,73.68764014,221.4403756,0.862668751,778.0358,0.379324468,3,14,HOM,M
2M59.tif,987.0253966,477.9756956,557.114238,0.91330203,7.977562665,513.4376364,467.7089145,49.94657183,259.2122914,1007.889225,0.464047936,116.4994461,351.2094684,0.84766858,1576.2277,0.296726745,16,35,HOM,M
2M45.tif,461.1720058,290.4727351,216.4163972,2.431644913,5.90792946,397.720859,373.9993738,47.56494974,151.8176173,681.2562828,0.548984843,91.76354959,282.2358242,0.910177626,957.327,0.390670454,8,14,HOM,M
2M112.tif,795.1128495,385.5746661,327.2347809,0.943039714,6.838806697,667.0803744,492.7048357,130.1418805,204.0073761,1036.559043,0.475327324,118.3699462,374.3348895,0.833656793,1450.0822,0.339777177,8,10,HOM,M
2M162.tif,463.087212,359.8322225,245.9069093,2.235517357,6.178174524,371.8886435,527.0113181,40.92895877,135.9630145,849.1651252,0.620622895,126.1119715,400.8993467,0.953923285,967.4931,0.544718425,5,11,HOM,M
2M136.tif,541.2292318,343.953941,290.3258482,1.165967262,6.85769308,358.8927157,445.095155,44.64449729,229.6871936,636.9094924,0.698835801,104.8989901,340.1961649,0.85308307,1298.2445,0.34284386,7,10,HOM,M
2M168.tif,654.4657684,333.9807362,339.50723,1.031936869,7.166375799,526.8526303,408.7839661,68.11771463,180.4573627,709.5654217,0.576104688,96.28462392,312.4993422,0.803755002,937.5232,0.43602544,19,18,HOM,M
2M35.tif,358.4933674,261.8029168,180.9728315,1.846661546,6.016143775,295.2139532,281.9003085,39.65300585,108.90514,441.2115605,0.638923214,64.93067983,216.9696286,0.836378243,502.0406,0.561508987,4,11,HOM,M
2M81.tif,705.3933198,396.9905885,329.7075878,1.177527099,6.981818914,709.2347872,571.9033216,60.56678931,228.0373474,1230.059347,0.464939617,129.3329224,442.5703992,0.885174973,1523.4595,0.375397785,16,10,HOM,M
2M54.tif,312.2149137,174.5101142,150.2917088,0.951213347,6.075603172,286.3198439,203.0373383,107.1639285,109.5619517,505.0853658,0.401986183,45.44560436,157.591734,0.817276708,564.7736,0.359502176,7,28,HOM,M
2M93.tif,964.2568661,602.4268642,468.5511165,1.220185199,7.373419076,819.4272445,739.4095451,70.26250958,425.9893002,1245.023348,0.593892112,154.1694736,585.2400715,0.872640439,2927.8611,0.252542563,13,17,HOM,M
2M28.tif,338.0067682,189.5328306,156.4279333,1.409260661,5.857057033,293.594609,231.4890714,30.56443699,99.12660342,480.2823662,0.481985365,47.41675921,184.0723122,0.907022248,529.0663,0.437542651,2,14,HOM,M
2M89.tif,382.0992638,296.8223701,194.985404,1.666541915,6.00674312,394.9412144,354.4639709,41.0711436,132.6973658,753.0230954,0.470721248,71.87585525,282.5881157,0.851155967,930.3264,0.381010332,6,17,HOM,M
2M63.tif,275.6324243,275.0893393,132.890475,1.197211486,5.624575036,231.7843746,289.0635691,37.14712715,123.285171,536.4644736,0.538830777,56.95379357,232.1097755,0.802971389,709.1376,0.407626911,8,18,HOM,M
2M171.tif,377.2218963,334.8866286,152.5813448,1.271511207,5.607467807,335.5680844,380.1644751,71.97619345,189.0080068,605.5471604,0.62780325,70.95318702,309.2112881,0.813361869,932.7421,0.407577266,8,18,HOM,M
2M163.tif,366.3528851,337.7804517,202.7701665,1.662050545,6.164804375,323.4175312,394.6252027,44.98523599,129.3206053,590.4825046,0.668309729,70.83575651,323.7894462,0.82049865,766.5108,0.514833193,3,28,HOM,M
2M101.tif,281.5773899,242.183635,143.8807279,2.438656405,5.51902747,285.7680978,290.3385288,30.63351607,101.8595698,484.68601,0.599023951,50.80546799,239.5330608,0.825013001,547.7378,0.530068454,8,18,HOM,M
2M90.tif,386.3582181,301.7796149,209.9138309,2.306745395,6.104817435,352.7845681,352.5599192,141.0965495,123.2483518,644.9115424,0.5466795,60.65285439,291.9070648,0.827964408,725.3682,0.486042701,7,28,HOM,M
2M109.tif,726.6386377,481.6831443,347.2004071,0.925867752,7.062828787,507.1409259,528.7895515,143.8717498,222.8295322,944.4851414,0.559870694,90.80732978,437.9822217,0.828273215,1460.047,0.362172965,12,35,HOM,M
2M146.tif,764.8591519,588.3016524,363.5026156,1.094887396,6.960167419,615.4150183,651.52959,65.33284526,345.5467809,1173.08039,0.555400632,110.0156048,541.5139852,0.831142581,2235.189,0.291487472,17,17,HOM,M
2M47.tif,232.8488142,275.7268192,144.1554842,3.067137963,5.433423096,231.6332851,299.5819869,33.60000108,100.9675171,427.5225191,0.700739665,50.30219441,249.2797925,0.83209206,495.347,0.60479217,2,11,HOM,M
2M143.tif,529.0259541,362.1556688,259.8278963,1.451552493,6.544449119,547.4719096,428.7387636,66.56503951,203.1819904,874.0603916,0.490513891,70.23182822,358.5069354,0.836189694,1125.672,0.380873615,7,35,HOM,M
2M126.tif,539.5857027,371.0468354,241.1444663,1.479413904,6.336089162,495.9544845,468.5980312,128.812831,221.8063788,1041.885355,0.449759687,74.40061104,394.1974201,0.841227222,1566.0867,0.299215893,17,35,HOM,M
2M25.tif,433.8842822,284.8444589,215.0426156,1.287680333,6.322545322,339.1810112,317.1881744,38.64797098,122.3210591,666.9381494,0.47558859,49.39630197,267.7918724,0.844268148,758.1565,0.418367678,5,18,HOM,M
2M09.tif,330.5811845,282.3532547,158.442813,2.141119095,5.516262295,329.2100989,314.5963154,37.94423619,118.6001792,652.6703434,0.482014111,48.73365842,265.862657,0.845091452,741.3472,0.424357596,7,18,HOM,M
2M53.tif,437.6464482,239.4911214,223.1021344,0.987177586,6.598476516,323.4682931,296.4029755,68.01197999,198.7737968,606.8808354,0.488403914,43.99449886,252.4084766,0.851572007,1078.9178,0.274722482,12,18,HOM,M
2M21.tif,417.7661697,346.8477641,212.1118815,2.209498766,6.034747862,311.0723688,396.1350234,44.91245818,129.686947,580.5344635,0.68236263,58.65653585,337.4784876,0.851927923,744.4423,0.532123206,7,35,HOM,M
2M119.tif,527.4142354,306.5019987,243.6172732,1.11240764,6.530336081,491.0441106,427.136676,71.32530444,195.2519929,762.7446634,0.55999956,61.83554731,365.3011287,0.85523241,1197.0111,0.356836019,6,17,HOM,M
2M30.tif,187.3966713,123.8053009,86.82299813,1.523210494,5.004990526,177.1330556,215.7869357,87.49981204,85.51449588,356.9803388,0.604478489,29.97832964,185.8086061,0.861074399,389.0053,0.554714642,1,10,HOM,M
2M153.tif,247.2358165,135.6909453,103.7663047,1.820461486,5.088320958,229.6675879,241.7474646,35.11450784,95.71841577,360.4277629,0.670723761,30.52354268,211.2239219,0.8737379,412.634,0.585864143,5,14,HOM,M
2M42.tif,751.4048343,446.26946,382.4608019,1.262246871,7.224678134,474.7818799,600.7576735,59.31527396,196.513546,1145.61004,0.524399798,73.87217378,526.8854998,0.877034989,1435.6382,0.418460357,3,11,HOM,M
2M155.tif,256.1804167,219.217584,111.0015546,1.982170617,5.261864419,265.1580234,269.6204331,34.81813001,102.7125699,454.8334988,0.592789304,32.50308543,237.1173477,0.879448731,533.621,0.505265784,5,17,HOM,M
2M103.tif,301.9061992,240.4976685,136.00438,2.029916119,5.524057025,362.7415376,295.6145135,43.69230306,155.3645312,561.6868679,0.526297712,34.39036136,261.2241522,0.883664841,783.7731,0.377168486,8,18,HOM,M
2M129.tif,428.0926396,243.67668,189.8566193,1.680147074,5.966182939,402.1905985,355.1014508,45.622789,141.7079789,811.1008667,0.437801839,40.2283349,314.8731159,0.886713122,1014.524,0.350017792,2,35,HOM,M
2M10.tif,418.5150294,327.329137,211.0128562,2.60509699,5.980981962,336.2801249,386.5308859,37.68448772,140.0318266,698.6779366,0.553231848,42.16593819,344.3649477,0.890911853,867.0397,0.445805291,13,14,HOM,M
2M108.tif,421.9575318,271.197357,199.4730906,1.76524859,6.094587018,413.3018222,360.1174108,65.41034509,186.5908912,650.5482065,0.553559916,39.0288662,321.0885446,0.891621829,1008.3589,0.357132179,6,14,HOM,M
2M148.tif,335.9344262,214.9900859,147.635731,1.570592883,5.723016272,251.4992377,323.3868273,40.46708699,110.0041653,465.3854682,0.694879513,34.88524705,288.5015803,0.892125331,534.5017,0.605024881,6,11,HOM,M
2M110.tif,285.5296981,178.1085203,143.2396298,1.418214157,5.795063316,322.5216657,297.61922,53.17510966,157.8860581,528.2862779,0.563367311,31.72301138,265.8962086,0.893410744,757.3009,0.392999955,6,18,HOM,M
2M157.tif,408.1155752,324.9469754,187.5669833,1.109863807,6.016386991,315.3865519,391.2868213,48.8016355,131.5738847,721.4426782,0.542367167,40.27027437,351.0165469,0.897082467,827.6586,0.472763554,2,17,HOM,M
2M87.tif,226.4156109,184.5168706,104.5905737,2.432338923,5.063906859,219.0106703,256.2333558,34.23495148,94.00386494,355.7724822,0.720216904,26.33798407,229.8953718,0.897210947,384.1487,0.667016069,2,10,HOM,M
2M11.tif,307.4159225,227.5719254,136.4623072,2.527079763,5.351990999,300.3725858,290.1539952,44.341354,116.7967389,572.7840503,0.506567868,29.7854081,260.3685871,0.897346207,634.0912,0.45759032,6,14,HOM,M
2M141.tif,540.306677,448.6432337,271.8255891,1.788326244,6.469832138,477.9754695,599.2730165,57.19985567,227.1053168,1038.24501,0.577198071,60.34250235,538.9305141,0.899307159,1592.3324,0.376349195,10,14,HOM,M
2M133.tif,306.8470752,179.1234553,137.6529179,1.286475868,5.761455267,246.7399533,266.4078701,37.70885259,107.2473973,477.3382157,0.558111338,26.421863,239.9860071,0.900821763,565.8976,0.470770454,9,11,HOM,M
2M183.tif,475.5260016,288.1073493,189.3071067,1.502437355,5.961416062,462.4935256,440.3727712,46.744477,161.2704441,869.1618621,0.506663707,41.1845547,399.1882165,0.906477972,1090.0403,0.40399678,22,18,HOM,M
2M08.tif,779.9756792,463.0116944,388.7801973,1.300268218,7.162840879,527.8192466,685.6012114,79.80119655,323.785611,1113.652168,0.615633167,53.46443008,632.1367813,0.92201818,2198.7771,0.311810238,13,17,HOM,M
2M75.tif,402.30999,211.769135,176.2103886,0.937289301,6.229798479,317.8566628,319.9142396,102.8559551,151.1423961,519.5964207,0.615697543,23.51965201,296.3945876,0.926481384,620.3602,0.515691109,3,35,HOM,M
2M127.tif,141.6416951,143.9530199,54.21858111,1.549102317,4.216735918,155.2115913,170.450374,121.5095839,79.45302647,251.0999653,0.678814805,11.91080808,158.5395659,0.930121549,277.2534,0.614781907,5,35,HOM,M
2M85.tif,418.6728193,356.493841,188.5744232,2.118813743,5.955332055,360.4041067,510.7304178,139.0326422,148.3840487,772.583662,0.661068106,31.80689031,478.9235275,0.937722741,905.3892,0.564100409,4,11,HOM,M
2M104.tif,293.1492368,178.4356481,163.3884269,1.815426965,5.913474909,228.7463415,273.470476,34.45426765,107.2289877,400.8825709,0.682171029,15.29112897,258.179347,0.9440849,535.9864,0.510219058,1,28,HOM,M
2M164.tif,351.5322198,254.6396562,162.380987,2.055455532,5.762146176,304.9327941,405.1771721,35.97209846,113.6675829,675.2673272,0.600024843,13.4457925,391.7313796,0.96681503,758.1816,0.534406496,6,11,HOM,M
2M139.tif,459.8631203,384.1403364,194.3443059,2.699226471,5.618368214,465.1068296,572.9098687,69.12183259,193.4256761,927.5332096,0.617670465,18.11784891,554.7920198,0.968375743,1291.9285,0.443453232,8,17,HOM,M
